{
  "avg_pledged": 11271.939796955896,
  "avg_goal": 45647.66723852615
}